config,overdraw,overdraw_ci,exposure,exposure_ci,exposure_p95,utility_frac,utility_frac_ci,exec_pre,exec_burst,exec_post,exec_w0,exec_wlast,n_denied,n_honest_denied,n_reauth,approved_charge,approved_exposure,sibling_exec,frag_moved
e1_local,1.0,0.0,607523.007002329,7065.39891836985,715538.2309591161,1.0,0.0,1.0,1.0,1.0,1.0,1.0,0.0,0.0,0.0,0.0,0.0,1.0,0.0
e1_budget,0.0,0.0,119704.38772338507,1577.5786690997143,143582.42093894287,0.19959112900911533,0.001941509272727351,0.9994806228856843,0.1402293001693132,0.0003892192957084808,0.19959112900911535,0.19959112900911535,117.20333333333333,117.20333333333333,0.0,0.0,0.0,1.0,0.0
e1_cap,0.0,0.0,62743.1094261925,1124.7719591757227,79361.4746854562,0.10364189759862233,0.001067805912411818,0.9320657266950412,0.03821438319750665,0.00010910556269559798,0.1036418975986223,0.1036418975986223,131.37666666666667,131.37666666666667,0.0,0.0,0.0,1.0,0.0
e1_local_attack,1.0,0.0,978160.0079663292,7432.783522826059,1084398.10739477,1.0,0.0,1.0,1.0,1.0,1.0,1.0,0.0,0.0,0.0,0.0,0.0,1.0,1500000.0
e1_budget_attack,0.0,0.0,119227.67231872946,1235.2404752971831,136923.99114700203,0.008501242512058292,0.0009169434868838566,0.13489627913643565,0.0005714062918445315,4.361022152768776e-05,0.00850124251205829,0.00850124251205829,1100.15,116.73333333333333,0.0,0.0,0.0,1.0,458566.6666666667
e1_budget_attack_misdecl,0.7733333333333333,0.0474567148511856,262050.95539102732,1996.1224678413319,291400.56518045894,0.016038344619882496,0.001201226258115806,0.25484763635457325,0.0001887870622190345,0.00013341525813860103,0.016038344619882492,0.016038344619882492,1044.1666666666667,116.03333333333333,0.0,0.0,0.0,1.0,1012700.0
e2_bf0.25,0.0,0.0,29864.701681188053,785.7825389566719,42141.24613500443,0.0492895818196068,0.000514995023150106,0.6664021359555462,0.007411605093425176,0.003427650520704531,0.0492895818196068,0.0492895818196068,139.56333333333333,139.56333333333333,0.0,0.0,0.0,1.0,0.0
e2_bf0.5,0.0,0.0,59313.84439237858,1161.5454916010622,76930.97395315519,0.09936068484140613,0.0010100223972886685,0.9272318328306522,0.035286425680694136,0.004037498445846589,0.09936068484140612,0.09936068484140612,132.40666666666667,132.40666666666667,0.0,0.0,0.0,1.0,0.0
e2_bf0.75,0.0,0.0,89589.64056009664,1469.9417133145591,113266.70665596725,0.1489569570753131,0.0015336738156498525,0.9919424740618598,0.08339526655337334,0.0034246451366131123,0.1489569570753131,0.1489569570753131,125.03666666666666,125.03666666666666,0.0,0.0,0.0,1.0,0.0
e2_bf1.0,0.0,0.0,120472.80509682419,1739.1825224694762,149630.79868888558,0.19925815005532704,0.0020699396302483277,1.0,0.1416607215778789,0.003485891893692355,0.19925815005532704,0.19925815005532704,117.67333333333333,117.67333333333333,0.0,0.0,0.0,1.0,0.0
e2_bf1.25,0.0,0.0,150702.85122276584,1977.0156258236186,180486.13191947038,0.24993394354408124,0.0024270537391803825,1.0,0.2011609870323394,0.0035603565224220798,0.2499339435440812,0.2499339435440812,109.96,109.96,0.0,0.0,0.0,1.0,0.0
e2_bf1.5,0.0,0.0,180997.50798453545,2070.791282851964,211555.268117946,0.30021013153752574,0.003021534837434799,1.0,0.2611837782026107,0.0035935687876096785,0.3002101315375257,0.3002101315375257,102.59333333333333,102.59333333333333,0.0,0.0,0.0,1.0,0.0
e2_bf2.0,0.3333333333333333,0.053433573580489335,240973.92741241047,2456.3825832589105,278003.5546462701,0.40088441474888564,0.004003754809631641,1.0,0.38114306450745167,0.0035287172473880504,0.40088441474888564,0.40088441474888564,87.95666666666666,87.95666666666666,0.0,0.0,0.0,1.0,0.0
e3_eps0.25,1.0,0.0,481921.758471513,3360.4738856431927,529368.2081582877,0.8075310408647975,0.008506803443338257,1.0,0.8550495210705927,0.053514226056349964,0.8075310408647975,0.8075310408647975,28.6,28.6,0.0,0.0,0.0,1.0,0.0
e3_eps0.5,0.32,0.052874944278376974,241241.17116665075,2312.8292047070086,275451.7219662267,0.4014848275274447,0.004234854407430254,1.0,0.3782373989792383,0.0036061219299461586,0.4014848275274447,0.4014848275274447,87.26333333333334,87.26333333333334,0.0,0.0,0.0,1.0,0.0
e3_eps0.75,0.0,0.0,161359.48340461403,1825.9497198584809,188808.53159934364,0.2667066056144279,0.0027779910712900477,1.0,0.2175145425806496,0.0034684480187280407,0.2667066056144279,0.2667066056144279,106.96666666666667,106.96666666666667,0.0,0.0,0.0,1.0,0.0
e3_eps1.0,0.0,0.0,121309.55709999318,1659.6482645211534,144754.0420303242,0.2006003607795701,0.0020379560648969308,0.9998369973272306,0.1388453970480928,0.0036683673173352445,0.20060036077957008,0.20060036077957008,116.43666666666667,116.43666666666667,0.0,0.0,0.0,1.0,0.0
e3_eps1.5,0.0,0.0,80472.79283256106,1337.7173766369676,99521.86956161249,0.1338045746890387,0.0014439610681357587,0.9791018264726706,0.06275370108263097,0.003644295117844527,0.1338045746890387,0.1338045746890387,126.07333333333334,126.07333333333334,0.0,0.0,0.0,1.0,0.0
e3_eps2.0,0.0,0.0,60237.250014826604,1148.9848133528756,76935.86097925989,0.10078870446877661,0.0010806152899045449,0.9164130975183226,0.03341228801174889,0.003665326146847061,0.10078870446877661,0.10078870446877661,130.82666666666665,130.82666666666665,0.0,0.0,0.0,1.0,0.0
e3_eps4.0,0.0,0.0,30103.34159052182,818.382417284905,42858.519881117805,0.049741160846358996,0.0005042044911886999,0.6478267875069298,0.0068682077471010185,0.003415559509482854,0.049741160846358996,0.049741160846358996,138.12333333333333,138.12333333333333,0.0,0.0,0.0,1.0,0.0
e4_static1,0.0,0.0,41022.03013776828,1032.2871265694148,59328.86835329509,0.06770299282295879,0.001448152755271603,0.10158692334652572,0.06727547838035754,0.05719154847558899,0.06770299282295879,0.06770299282295879,126.37,126.37,0.0,0.0,0.0,1.0,0.0
e4_static10,1.0,0.0,582228.2441578116,5752.304498053473,665313.2912100693,0.9526993383885406,0.0027127106578473835,1.0,0.9577387159448316,0.8421604418517691,0.9526993383885406,0.9526993383885406,5.5,5.5,0.0,0.0,0.0,1.0,0.0
e5_no_attack,0.0,0.0,315809.38171237905,3864.1217532736714,369459.15678857657,0.38992984868342534,0.0035722097156380317,0.9995043590147913,0.1387821244214751,0.7860090485623146,0.19789253940569143,0.9797133414934198,119.71,119.71,0.0,0.0,0.0,1.0,0.0
e5_no_attack_ledger,0.0,0.0,179914.23809481924,2021.586441584592,208483.62712721273,0.22224035066945153,0.0018286935614900636,0.9995043590147913,0.1387821244214751,0.24306186931790136,0.19789253940569143,0.005445641680066754,152.56333333333333,152.56333333333333,0.0,0.0,0.0,1.0,0.0
e5_window_only,0.0,0.0,359635.7976520202,2309.93221208941,391845.1583007339,0.1419602047084295,0.0014868589168790893,0.914402006744627,0.06224403170517383,0.16895661026595704,0.12219900745788528,0.16537008768587227,2275.963333333333,134.67333333333335,0.0,0.0,0.0,1.0,975400.0
e5_campaign_ledger,0.0,0.0,179742.44039771377,1632.0705614380522,203357.6908001959,0.0956787967366374,0.0024687835155249582,0.914402006744627,0.06224403170517383,0.013654597314762273,0.12219900745788528,0.00037291022324305453,2706.0866666666666,142.35,0.0,0.0,0.0,1.0,410166.6666666667
e5_campaign_ledger3R,0.0,0.0,359635.7976520202,2309.93221208941,391845.1583007339,0.1419602047084295,0.0014868589168790893,0.914402006744627,0.06224403170517383,0.16895661026595704,0.12219900745788528,0.16537008768587227,2275.963333333333,134.67333333333335,0.0,0.0,0.0,1.0,975400.0
e7_typed,0.0,0.0,186157.76519531885,1300.56609645893,204497.59826746114,0.18175814078522118,0.003341956614334201,0.9928722664631525,0.11928321170352364,0.013570650323690814,0.18175814078522118,0.18175814078522118,119.95666666666666,119.95666666666666,0.0,0.0,0.0,1.0,0.0
e7_face_cap,0.0,0.0,113530.22520247387,2716.7631410687836,155604.65377469643,0.10348059275246194,0.0010813259247446205,0.9266828236735736,0.03892263687018042,0.01341907902679542,0.10348059275246194,0.10348059275246194,131.27666666666667,131.27666666666667,0.0,0.0,0.0,1.0,0.0
e7_pooled_cap,0.0,0.0,118742.6124411871,2816.409781111819,161326.16757157492,0.10856064342541416,0.001123531860733786,0.9373543419687045,0.042802297504004015,0.013415534452335499,0.10856064342541416,0.10856064342541416,130.62666666666667,130.62666666666667,0.0,0.0,0.0,1.0,0.0
e7_sep0.9,0.0,0.0,184226.93258391152,1424.3596899228085,203366.1930223871,0.18340210800540524,0.0036418665755282584,0.9948525349200565,0.12383353912187119,0.01028469119469623,0.18340210800540524,0.18340210800540524,119.14,119.14,0.0,0.0,0.0,1.0,0.0
e7_sep0.75,0.0,0.0,186129.189815955,1254.0557944479244,202599.66102661085,0.1535627587670447,0.0022893594318247395,0.9865255849175937,0.08984602668603697,0.010758596228928828,0.15356275876704467,0.15356275876704467,123.38666666666667,123.38666666666667,0.0,0.0,0.0,1.0,0.0
e7_sep0.6,0.0,0.0,191155.11536524826,1101.0834972399075,207094.34408813118,0.13518325221988656,0.0016979516034957697,0.9767859478145734,0.07023545388262635,0.010360634717479646,0.13518325221988656,0.13518325221988656,126.08333333333333,126.08333333333333,0.0,0.0,0.0,1.0,0.0
e7_sep0.5,0.0,0.0,195418.16534190293,1070.1969614677216,209572.66882821795,0.12627996317587928,0.0013752492378576436,0.9684917185475629,0.06134235312021416,0.01,0.12627996317587928,0.12627996317587928,127.05,127.05,0.0,0.0,0.0,1.0,0.0
e8_budget_corr,0.5933333333333334,0.055678706699998574,264449.3881816751,6234.491049698081,345197.1658734964,0.20018516810533712,0.002202826879109352,0.9993506732221337,0.14299370623344895,0.00016281737825874534,0.20018516810533712,0.20018516810533712,116.99666666666667,116.99666666666667,0.0,0.0,0.0,1.0,0.0
e8_local_corr,1.0,0.0,1618533.8607947463,17534.818738691392,1862909.5656333694,1.0,0.0,1.0,1.0,1.0,1.0,1.0,0.0,0.0,0.0,0.0,0.0,1.0,0.0
e8_budget_corr_stress,0.0,0.0,166613.8768299719,2366.1498957440476,198067.34757171798,0.14581638989631537,0.002445480259150822,0.9993506732221337,0.07861236709186224,0.003972230510373699,0.14581638989631537,0.14581638989631537,124.57,124.57,0.0,0.0,0.0,1.0,0.0
e8_detect_L0,0.0,0.0,109814.5613344193,4511.85845798156,178777.4118601185,0.10852359709493402,0.0010154334294934708,0.9359067979432744,0.044150409253850734,0.003730682905400245,0.10852359709493402,0.10852359709493402,132.06333333333333,132.06333333333333,0.0,0.0,0.0,1.0,0.0
e8_detect_L5,0.3933333333333333,0.055370178059651276,235818.89206653673,5073.475780319897,303690.5681707904,0.18383994348990862,0.0022737214305868195,0.9980060441152633,0.12311681797160673,0.006179768979395162,0.18383994348990862,0.18383994348990862,120.99333333333334,120.99333333333334,0.0,0.0,0.0,1.0,0.0
e8_detect_L10,0.6133333333333333,0.05519975226006588,258186.6308966353,6300.361255868781,336309.9597075969,0.19565818359333795,0.001931693921196436,0.9980060441152633,0.1376372234496343,0.004613597282673122,0.19565818359333792,0.19565818359333792,119.41,119.41,0.0,0.0,0.0,1.0,0.0
e8_detect_L25,0.6133333333333333,0.05519975226006588,260044.13700082377,6435.0751016549675,342755.47907106986,0.19661423408014905,0.001938876535001449,0.9980060441152633,0.13867349048615463,0.0036336832620670755,0.19661423408014905,0.19661423408014905,119.25,119.25,0.0,0.0,0.0,1.0,0.0
e9_fcfs,0.0,0.0,118852.08419458786,1136.0573552883639,134067.71454968167,0.008420729122644736,0.000864504799491984,0.1493502261983497,0.0006992393199518246,0.013492183117889888,0.008420729122644736,0.008420729122644736,1100.0666666666666,116.78,0.0,0.0,0.0,1.0,458866.6666666667
e9_fair,0.0,0.0,118496.83741726856,1246.71795257258,135650.95750528565,0.11677876283415614,0.0011934762455971409,0.5608609476911153,0.08928647011131215,0.01361260298970462,0.11677876283415614,0.11677876283415614,1105.7166666666667,96.49666666666667,0.0,0.0,0.0,1.0,199500.0
e10_flat,0.0,0.0,121681.51745613481,1624.5308283215302,147430.22323391188,0.34307901591257434,0.005011769462577138,0.9998918761819466,0.28587206435981133,0.0037099799625135233,0.34307901591257434,0.34307901591257434,56.413333333333334,56.413333333333334,0.0,0.0,0.0,0.4787482886651795,0.0
e10_hier,0.0,0.0,115909.65502250686,1728.6948281358584,140207.21466741987,0.32291433442302725,0.004429403956491689,0.9998918761819466,0.19060834039913127,0.3445431116975803,0.32291433442302725,0.32291433442302725,58.22666666666667,58.22666666666667,0.0,0.0,0.0,0.8874350454480213,0.0
e6_h0,0.0,0.0,118796.1789983277,1597.671003168523,143779.80893481095,0.2018405005244945,0.0021110278841933875,1.0,0.14725375081257017,0.006995080754350398,0.20184050052449454,0.20184050052449454,116.18666666666667,116.18666666666667,0.0,0.0,0.0,1.0,0.0
e6_h10,0.0,0.0,118980.68239388094,1600.9157377214212,143569.64702581157,0.23323910126411013,0.0028580128545084,1.0,0.15746350676080592,0.3042666942303495,0.23323910126411013,0.23323910126411013,111.94,111.94,4.306666666666667,39104.63424752423,18725.683131784266,1.0,0.0
e6_h50,0.0,0.0,118894.14784830928,1594.7084234014822,142728.80646807377,0.32725532833931625,0.0054935919708264695,1.0,0.2053599651065595,0.9281674253593295,0.32725532833931625,0.32725532833931625,98.37666666666667,98.37666666666667,17.933333333333334,157391.56940594484,75195.93581310635,1.0,0.0
e11_local_n10,0.0,0.0,119490.02784106859,3175.99133705756,169798.40998595487,1.0,0.0,1.0,1.0,1.0,1.0,1.0,0.0,0.0,0.0,0.0,0.0,1.0,0.0
e11_budget_n10,0.0,0.0,111110.69540567017,2071.7709296560024,137975.94415075917,0.9245304079322231,0.010512631657272117,1.0,0.9529692330295605,0.5964279381862125,0.9245304079322233,0.9245304079322233,2.5033333333333334,2.5033333333333334,0.0,0.0,0.0,1.0,0.0
e11_local_n50,1.0,0.0,610461.535905283,6855.909543123063,705295.1038006687,1.0,0.0,1.0,1.0,1.0,1.0,1.0,0.0,0.0,0.0,0.0,0.0,1.0,0.0
e11_budget_n50,0.0,0.0,119476.47462134152,1690.6591010449833,143871.31367828706,0.19906930540566242,0.002068724934071769,0.9995319087451272,0.13904366905532173,0.003476287096329671,0.19906930540566242,0.19906930540566242,117.80666666666667,117.80666666666667,0.0,0.0,0.0,1.0,0.0
e11_local_n200,1.0,0.0,2424902.6934083714,15120.24490139799,2664216.876220568,1.0,0.0,1.0,1.0,1.0,1.0,1.0,0.0,0.0,0.0,0.0,0.0,1.0,0.0
e11_budget_n200,0.0,0.0,119096.49766781683,1649.754230319229,142783.05806777268,0.04924500756253772,0.00024479171815107383,0.6634955984778432,0.006162654137904423,3.105289396191794e-05,0.04924500756253772,0.04924500756253772,562.5366666666666,562.5366666666666,0.0,0.0,0.0,1.0,0.0
e11_local_n1000,1.0,0.0,12120723.688888328,31589.0691617031,12571154.021379761,1.0,0.0,1.0,1.0,1.0,1.0,1.0,0.0,0.0,0.0,0.0,0.0,1.0,0.0
e11_budget_n1000,0.0,0.0,122256.42124936404,1724.1509614584404,149245.50176885363,0.009920902570428011,2.2778198709857973e-05,0.17339327953356726,1.4316064564909022e-05,1.389845305305526e-06,0.009920902570428011,0.009920902570428011,2914.8766666666666,2914.8766666666666,0.0,0.0,0.0,1.0,0.0
e12_burst_x0.5,0.0,0.0,118481.54453534208,1569.913406160261,143291.05575514113,0.3438554944637229,0.005138395621799285,0.9989477269162372,0.282311626826391,0.006929297170221182,0.34385549446372293,0.34385549446372293,55.97,55.97,0.0,0.0,0.0,1.0,0.0
e12_burst_x2,0.0,0.0,119760.25818717037,1627.4279792232203,145595.1320540061,0.10761206051272436,0.0007862169735069242,0.9989477269162372,0.06933434217612713,0.0033931359953858964,0.10761206051272436,0.10761206051272436,242.01666666666668,242.01666666666668,0.0,0.0,0.0,1.0,0.0
e12_gamma_0.90,0.0,0.0,137773.30920242475,1643.6333856006897,161553.10087721073,0.2278254614529003,0.002533972182679828,0.9997487242394465,0.17453781718621703,0.003570977455619399,0.2278254614529003,0.2278254614529003,113.32,113.32,0.0,0.0,0.0,1.0,0.0
e12_gamma_0.99,0.0,0.0,96514.59001175255,1458.6115789871506,118877.39176694964,0.16067289623542808,0.0016541963524652258,0.993581859808155,0.09530518239451137,0.003684184084631778,0.16067289623542808,0.16067289623542808,123.47,123.47,0.0,0.0,0.0,1.0,0.0
e12_heavy_tail,0.0,0.0,121047.95205846544,1666.0797050628357,146592.62955173757,0.2294972043119453,0.0029547647400932197,1.0,0.17622024311252055,0.0036189486866577583,0.2294972043119453,0.2294972043119453,99.85,99.85,0.0,0.0,0.0,1.0,0.0
e12_corr_b4.0,0.44333333333333336,0.056309708423393647,237399.75964201664,5512.303747483142,310987.00560721377,0.19869566659200003,0.0020625886596981934,0.9982774801658022,0.13921415772096662,0.0033577427598363795,0.19869566659200003,0.19869566659200003,117.94666666666667,117.94666666666667,0.0,0.0,0.0,1.0,0.0
e12_corr_b6.0,0.61,0.055286321918756244,260801.03021581547,6476.761608912004,346099.8184863741,0.19857014199173728,0.0020582524715577846,0.9982774801658022,0.13905106269013226,0.0033333333333333335,0.19857014199173728,0.19857014199173728,117.95666666666666,117.95666666666666,0.0,0.0,0.0,1.0,0.0
e12_corr_b8.0,0.6666666666666666,0.05343357358048933,274754.85549299506,7049.460740052137,365025.1379097127,0.1986037084670987,0.00205820814368592,0.9982774801658022,0.13913319917887074,0.0033333333333333335,0.1986037084670987,0.1986037084670987,117.96666666666667,117.96666666666667,0.0,0.0,0.0,1.0,0.0
e13_budget,0.0,0.0,120010.0620331183,1638.1644693577525,144662.7288663367,0.19940104639866854,0.0020154210147831334,0.9994939965131158,0.14474961915395518,0.0034615582672427184,0.1994010463986685,0.1994010463986685,117.62333333333333,117.62333333333333,0.0,0.0,0.0,1.0,0.0
e13_breaker_d0,1.0,0.0,258530.89980950535,800.053321774054,272600.8717039151,0.4327435468438271,0.005956758362821573,1.0,0.4199010431162305,0.0033333333333333335,0.4327435468438271,0.4327435468438271,84.11,84.11,0.0,0.0,0.0,1.0,0.0
e13_breaker_d10,1.0,0.0,360732.56745542656,3083.138598909797,407558.6751404202,0.6010304167656514,0.007171636868468704,1.0,0.6212962732324229,0.0033333333333333335,0.6010304167656513,0.6010304167656513,59.42666666666667,59.42666666666667,0.0,0.0,0.0,1.0,0.0
e13_breaker_d50,1.0,0.0,559125.598535064,6791.921887127049,657764.092243896,0.9240203920078021,0.0047950895409009315,1.0,1.0,0.06535787422648023,0.9240203920078021,0.9240203920078021,11.443333333333333,11.443333333333333,0.0,0.0,0.0,1.0,0.0
e14_colluders10,0.0,0.0,120758.38922714512,1164.711499422358,136887.80310254567,0.11601082700617094,0.0012504840829750522,0.5430561555187817,0.08568250105973776,0.010296316746783135,0.11601082700617096,0.11601082700617096,1106.6866666666667,97.42,0.0,0.0,0.0,1.0,199600.0
e14_colluders20,0.0,0.0,120171.80529079596,1141.4712377968247,137305.60463491088,0.033289695897690624,0.0004303892094847653,0.3462289363040899,0.010026175526326972,0.010034359923944886,0.033289695897690624,0.033289695897690624,1102.0166666666667,82.78,0.0,0.0,0.0,1.0,398033.3333333333
e14_colluders40,0.0,0.0,120285.15958200181,1108.4292161277306,136310.0980191524,0.004394291323005202,0.0005845534051417002,0.06514640380513524,0.000406111567532073,0.01,0.004394291323005202,0.004394291323005202,1099.9033333333334,29.076666666666668,0.0,0.0,0.0,1.0,468666.6666666667
